#Chromosome	Position	Status	Reference	08-5578-0	08-5578-1	08-5578-2	08-5578-3	08-5578-4
gi|284800255|ref|NC_013766.1|	77005	valid	T	C	T	G	T	C
gi|284800255|ref|NC_013766.1|	156056	valid	T	C	T	G	T	C
gi|284800255|ref|NC_013766.1|	163917	valid	T	C	T	G	T	C
gi|284800255|ref|NC_013766.1|	177102	valid	A	G	A	T	A	G
gi|284800255|ref|NC_013766.1|	197161	valid	G	A	G	C	G	A
gi|284800255|ref|NC_013766.1|	198617	valid	T	C	T	G	T	C
gi|284800255|ref|NC_013766.1|	222201	valid	A	G	A	T	A	G
gi|284800255|ref|NC_013766.1|	253430	valid	G	C	G	C	G	C
gi|284800255|ref|NC_013766.1|	289669	valid	G	C	G	C	G	C
gi|284800255|ref|NC_013766.1|	291477	valid	T	C	T	G	T	C
gi|284800255|ref|NC_013766.1|	310291	valid	A	G	A	T	A	G
gi|284800255|ref|NC_013766.1|	319709	valid	C	T	C	A	C	T
gi|284800255|ref|NC_013766.1|	356261	valid	A	T	A	T	A	T
gi|284800255|ref|NC_013766.1|	357731	valid	A	G	A	T	A	G
gi|284800255|ref|NC_013766.1|	494068	valid	G	A	G	C	G	A
gi|284800255|ref|NC_013766.1|	574404	valid	C	T	C	A	C	T
gi|284800255|ref|NC_013766.1|	592428	valid	A	T	A	T	A	T
gi|284800255|ref|NC_013766.1|	675287	valid	A	G	A	T	A	G
gi|284800255|ref|NC_013766.1|	716054	valid	A	T	A	T	A	T
gi|284800255|ref|NC_013766.1|	811123	valid	T	G	T	G	T	G
gi|284800255|ref|NC_013766.1|	843084	valid	A	T	A	T	A	T
gi|284800255|ref|NC_013766.1|	866432	valid	A	T	A	T	A	T
gi|284800255|ref|NC_013766.1|	871917	valid	A	T	A	T	A	T
gi|284800255|ref|NC_013766.1|	895670	valid	T	C	T	G	T	C
gi|284800255|ref|NC_013766.1|	902823	valid	T	G	T	G	T	G
gi|284800255|ref|NC_013766.1|	929129	valid	T	C	T	G	T	C
gi|284800255|ref|NC_013766.1|	991241	valid	A	T	A	T	A	T
gi|284800255|ref|NC_013766.1|	995034	valid	T	C	T	G	T	C
gi|284800255|ref|NC_013766.1|	998261	valid	T	G	T	G	T	G
gi|284800255|ref|NC_013766.1|	1033996	valid	T	C	T	G	T	C
gi|284800255|ref|NC_013766.1|	1053048	valid	G	A	G	C	G	A
gi|284800255|ref|NC_013766.1|	1081865	valid	A	G	A	T	A	G
gi|284800255|ref|NC_013766.1|	1103933	valid	G	C	G	C	G	C
gi|284800255|ref|NC_013766.1|	1109281	valid	G	A	G	C	G	A
gi|284800255|ref|NC_013766.1|	1160043	valid	A	T	A	T	A	T
gi|284800255|ref|NC_013766.1|	1188692	valid	C	T	C	A	C	T
gi|284800255|ref|NC_013766.1|	1210127	valid	A	T	A	T	A	T
gi|284800255|ref|NC_013766.1|	1212661	valid	C	A	C	A	C	A
gi|284800255|ref|NC_013766.1|	1223719	valid	C	A	C	A	C	A
gi|284800255|ref|NC_013766.1|	1245354	valid	G	C	G	C	G	C
gi|284800255|ref|NC_013766.1|	1315439	valid	A	T	A	T	A	T
gi|284800255|ref|NC_013766.1|	1317004	valid	A	T	A	T	A	T
gi|284800255|ref|NC_013766.1|	1369653	valid	A	G	A	T	A	G
gi|284800255|ref|NC_013766.1|	1401425	valid	T	C	T	G	T	C
gi|284800255|ref|NC_013766.1|	1433718	valid	A	T	A	T	A	T
gi|284800255|ref|NC_013766.1|	1469383	valid	A	T	A	T	A	T
gi|284800255|ref|NC_013766.1|	1473280	valid	T	G	T	G	T	G
gi|284800255|ref|NC_013766.1|	1494686	valid	G	C	G	C	G	C
gi|284800255|ref|NC_013766.1|	1513051	valid	A	T	A	T	A	T
gi|284800255|ref|NC_013766.1|	1542160	valid	A	G	A	T	A	G
gi|284800255|ref|NC_013766.1|	1568733	valid	C	A	C	A	C	A
gi|284800255|ref|NC_013766.1|	1596777	valid	G	A	G	C	G	A
gi|284800255|ref|NC_013766.1|	1599717	valid	T	C	T	G	T	C
gi|284800255|ref|NC_013766.1|	1599727	valid	T	G	T	G	T	G
gi|284800255|ref|NC_013766.1|	1629365	valid	G	C	G	C	G	C
gi|284800255|ref|NC_013766.1|	1718158	valid	A	T	A	T	A	T
gi|284800255|ref|NC_013766.1|	1764466	valid	A	T	A	T	A	T
gi|284800255|ref|NC_013766.1|	1766678	valid	C	A	C	A	C	A
gi|284800255|ref|NC_013766.1|	1782712	valid	T	C	T	G	T	C
gi|284800255|ref|NC_013766.1|	1783849	valid	C	T	C	A	C	T
gi|284800255|ref|NC_013766.1|	1817903	valid	T	G	T	G	T	G
gi|284800255|ref|NC_013766.1|	1861581	valid	C	A	C	A	C	A
gi|284800255|ref|NC_013766.1|	1919582	valid	T	C	T	G	T	C
gi|284800255|ref|NC_013766.1|	1958822	valid	A	G	A	T	A	G
gi|284800255|ref|NC_013766.1|	1983855	valid	C	A	C	A	C	A
gi|284800255|ref|NC_013766.1|	2034264	valid	C	A	C	A	C	A
gi|284800255|ref|NC_013766.1|	2050605	valid	G	A	G	C	G	A
gi|284800255|ref|NC_013766.1|	2057572	valid	A	T	A	T	A	T
gi|284800255|ref|NC_013766.1|	2080146	valid	A	G	A	T	A	G
gi|284800255|ref|NC_013766.1|	2083448	valid	G	C	G	C	G	C
gi|284800255|ref|NC_013766.1|	2107757	valid	A	G	A	T	A	G
gi|284800255|ref|NC_013766.1|	2114567	valid	A	T	A	T	A	T
gi|284800255|ref|NC_013766.1|	2158698	valid	T	C	T	G	T	C
gi|284800255|ref|NC_013766.1|	2211933	valid	A	T	A	T	A	T
gi|284800255|ref|NC_013766.1|	2253450	valid	G	C	G	C	G	C
gi|284800255|ref|NC_013766.1|	2283265	valid	C	T	C	A	C	T
gi|284800255|ref|NC_013766.1|	2387230	valid	T	G	T	G	T	G
gi|284800255|ref|NC_013766.1|	2429337	valid	A	G	A	T	A	G
gi|284800255|ref|NC_013766.1|	2443323	valid	A	G	A	T	A	G
gi|284800255|ref|NC_013766.1|	2559865	valid	T	G	T	G	T	G
gi|284800255|ref|NC_013766.1|	2564068	valid	A	T	A	T	A	T
gi|284800255|ref|NC_013766.1|	2594300	valid	T	G	T	G	T	G
gi|284800255|ref|NC_013766.1|	2598763	valid	T	C	T	G	T	C
gi|284800255|ref|NC_013766.1|	2621472	valid	T	C	T	G	T	C
gi|284800255|ref|NC_013766.1|	2623958	valid	A	G	A	T	A	G
gi|284800255|ref|NC_013766.1|	2670388	valid	C	T	C	A	C	T
gi|284800255|ref|NC_013766.1|	2694676	valid	T	G	T	G	T	G
gi|284800255|ref|NC_013766.1|	2695914	valid	C	T	C	A	C	T
gi|284800255|ref|NC_013766.1|	2703106	valid	A	G	A	T	A	G
gi|284800255|ref|NC_013766.1|	2729536	valid	A	T	A	T	A	T
gi|284800255|ref|NC_013766.1|	2773958	valid	A	T	A	T	A	T
gi|284800255|ref|NC_013766.1|	2786700	valid	C	T	C	A	C	T
gi|284800255|ref|NC_013766.1|	2833134	valid	A	G	A	T	A	G
gi|284800255|ref|NC_013766.1|	2841038	valid	T	C	T	G	T	C
gi|284800255|ref|NC_013766.1|	2875699	valid	A	G	A	T	A	G
gi|284800255|ref|NC_013766.1|	2911580	valid	C	A	C	A	C	A
gi|284800255|ref|NC_013766.1|	2911899	valid	G	A	G	C	G	A
gi|284800255|ref|NC_013766.1|	2987023	valid	T	G	T	G	T	G
gi|284800255|ref|NC_013766.1|	2995830	valid	A	T	A	T	A	T
gi|284800255|ref|NC_013766.1|	3003072	valid	C	T	C	A	C	T
